,Episode,AvgRewards,EpisodeRewards
0,1.0,-601.0,-608.0
1,2.0,-439.0,-277.0
2,3.0,-317.6666666666667,-75.0
3,4.0,-7.0,925.0
4,5.0,104.0,557.0
5,6.0,257.6666666666667,1026.0
6,7.0,395.2857142857143,1221.0
7,8.0,494.625,1199.0
8,9.0,483.77777777777777,395.0
9,10.0,523.1,877.0
10,11.0,488.54545454545456,139.0
11,12.0,522.0833333333334,891.0
12,13.0,523.3076923076923,548.0
13,14.0,549.4285714285714,889.0
14,15.0,586.9333333333333,1101.0
15,16.0,573.875,378.0
16,17.0,530.1764705882352,-169.0
17,18.0,511.3333333333333,186.0
18,19.0,532.9473684210526,931.0
19,20.0,520.15,277.0
20,21.0,544.8571428571429,1039.0
21,22.0,496.77272727272725,-493.0
22,23.0,500.7826086956522,584.0
23,24.0,501.25,512.0
24,25.0,515.44,865.0
25,26.0,493.61538461538464,-52.0
26,27.0,516.6666666666666,1116.0
27,28.0,533.8928571428571,999.0
28,29.0,554.551724137931,1133.0
29,30.0,560.5666666666667,734.0
30,31.0,557.0967741935484,453.0
31,32.0,575.6875,1143.0
32,33.0,579.060606060606,685.0
33,34.0,551.2352941176471,-367.0
34,35.0,567.0285714285715,1103.0
35,36.0,563.6944444444445,453.0
36,37.0,574.4054054054054,959.0
37,38.0,575.1052631578947,619.0
38,39.0,520.9487179487179,-1542.0
39,40.0,504.75,-135.0
40,41.0,506.1707317073171,578.0
41,42.0,512.1190476190476,756.0
42,43.0,513.6511627906976,575.0
43,44.0,520.7954545454545,827.0
44,45.0,536.0666666666667,1225.0
45,46.0,549.5869565217391,1158.0
46,47.0,547.5744680851063,454.0
47,48.0,559.0416666666666,1114.0
48,49.0,560.3061224489796,621.0
49,50.0,551.92,139.0
50,51.0,560.2549019607843,977.0
51,52.0,550.5384615384615,55.0
52,53.0,561.811320754717,1148.0
53,54.0,573.4074074074074,1187.0
54,55.0,582.9818181818182,1100.0
55,56.0,569.9464285714286,-138.0
56,57.0,577.5263157894736,1002.0
57,58.0,569.0344827586207,83.0
58,59.0,563.9152542372881,267.0
59,60.0,571.6166666666667,1026.0
60,61.0,561.4754098360655,-50.0
61,62.0,543.0483870967741,-583.0
62,63.0,553.8095238095239,1221.0
63,64.0,544.40625,-54.0
64,65.0,545.0769230769231,585.0
65,66.0,549.9090909090909,864.0
66,67.0,552.044776119403,693.0
67,68.0,555.7352941176471,810.0
68,69.0,562.1449275362319,996.0
69,70.0,555.5142857142857,98.0
70,71.0,564.8732394366198,1227.0
71,72.0,572.0694444444445,1100.0
72,73.0,583.9041095890411,1446.0
73,74.0,591.3918918918919,1147.0
74,75.0,580.2933333333333,-241.0
75,76.0,576.0131578947369,264.0
76,77.0,571.1428571428571,199.0
77,78.0,571.1410256410256,586.0
78,79.0,578.2658227848101,1134.0
79,80.0,585.025,1128.0
80,81.0,590.5308641975308,1049.0
81,82.0,577.9878048780488,-438.0
82,83.0,580.8915662650602,828.0
83,84.0,585.7380952380952,987.0
84,85.0,584.2,464.0
85,86.0,587.8372093023256,896.0
86,87.0,576.448275862069,-403.0
87,88.0,579.3863636363636,844.0
88,89.0,584.4044943820224,1023.0
89,90.0,576.2444444444444,-159.0
90,91.0,580.5934065934066,979.0
91,92.0,587.445652173913,1211.0
92,93.0,593.1505376344086,1136.0
93,94.0,599.3510638297872,1173.0
94,95.0,603.5368421052632,997.0
95,96.0,597.2291666666666,-7.0
96,97.0,602.7731958762887,1135.0
97,98.0,607.2448979591836,1040.0
98,99.0,605.040404040404,398.0
99,100.0,599.52,53.0
100,101.0,614.53,909.0
101,102.0,619.5,220.0
102,103.0,632.18,1193.0
103,104.0,613.84,-916.0
104,105.0,617.6,922.0
105,106.0,618.46,1110.0
106,107.0,614.41,814.0
107,108.0,603.93,147.0
108,109.0,605.27,529.0
109,110.0,604.71,810.0
110,111.0,614.98,1167.0
111,112.0,614.73,865.0
112,113.0,610.36,101.0
113,114.0,607.34,585.0
114,115.0,605.25,903.0
115,116.0,610.1,861.0
116,117.0,618.4,659.0
117,118.0,623.53,713.0
118,119.0,620.28,597.0
119,120.0,615.32,-207.0
120,121.0,616.98,1206.0
121,122.0,626.11,398.0
122,123.0,626.81,657.0
123,124.0,627.6,597.0
124,125.0,630.83,1178.0
125,126.0,621.75,-956.0
126,127.0,616.41,581.0
127,128.0,613.33,699.0
128,129.0,603.88,184.0
129,130.0,606.15,960.0
130,131.0,605.88,444.0
131,132.0,600.94,658.0
132,133.0,604.88,1080.0
133,134.0,614.38,583.0
134,135.0,600.92,-244.0
135,136.0,605.28,889.0
136,137.0,592.46,-322.0
137,138.0,596.67,1031.0
138,139.0,611.23,-81.0
139,140.0,613.09,58.0
140,141.0,617.09,962.0
141,142.0,614.29,483.0
142,143.0,615.61,710.0
143,144.0,610.97,364.0
144,145.0,602.79,390.0
145,146.0,597.89,667.0
146,147.0,604.66,1140.0
147,148.0,604.71,1103.0
148,149.0,605.71,730.0
149,150.0,608.29,397.0
150,151.0,602.44,392.0
151,152.0,613.37,1165.0
152,153.0,607.46,557.0
153,154.0,603.61,821.0
154,155.0,604.29,1168.0
155,156.0,600.2,-541.0
156,157.0,597.82,773.0
157,158.0,608.99,1201.0
158,159.0,615.43,911.0
159,160.0,614.19,900.0
160,161.0,615.96,137.0
161,162.0,630.45,865.0
162,163.0,621.34,310.0
163,164.0,633.75,1201.0
164,165.0,639.46,1157.0
165,166.0,636.91,609.0
166,167.0,633.07,308.0
167,168.0,632.4,753.0
168,169.0,631.04,871.0
169,170.0,639.63,966.0
170,171.0,632.21,495.0
171,172.0,622.04,66.0
172,173.0,607.96,28.0
173,174.0,593.07,-351.0
174,175.0,597.35,187.0
175,176.0,605.21,1040.0
176,177.0,612.06,904.0
177,178.0,608.52,224.0
178,179.0,604.74,764.0
179,180.0,603.57,1002.0
180,181.0,599.02,576.0
181,182.0,602.7,-72.0
182,183.0,605.65,1123.0
183,184.0,595.63,-14.0
184,185.0,603.14,1206.0
185,186.0,598.67,447.0
186,187.0,606.65,404.0
187,188.0,609.77,1156.0
188,189.0,598.66,-76.0
189,190.0,597.54,-254.0
190,191.0,589.3,157.0
191,192.0,588.94,1174.0
192,193.0,584.61,683.0
193,194.0,577.46,461.0
194,195.0,571.03,354.0
195,196.0,581.36,1039.0
196,197.0,581.7,1178.0
197,198.0,579.46,835.0
198,199.0,586.54,1097.0
199,200.0,597.87,1185.0
200,201.0,597.17,838.0
201,202.0,605.81,1092.0
202,203.0,598.53,481.0
203,204.0,619.92,1240.0
204,205.0,612.51,192.0
205,206.0,612.59,1120.0
206,207.0,614.15,968.0
207,208.0,609.63,-310.0
208,209.0,602.34,-207.0
209,210.0,602.02,786.0
210,211.0,583.43,-697.0
211,212.0,583.04,827.0
212,213.0,587.64,558.0
213,214.0,588.65,688.0
214,215.0,586.45,683.0
215,216.0,587.6,975.0
216,217.0,593.03,1203.0
217,218.0,588.16,217.0
218,219.0,585.26,307.0
219,220.0,590.4,300.0
220,221.0,588.35,999.0
221,222.0,590.92,653.0
222,223.0,595.51,1117.0
223,224.0,590.19,59.0
224,225.0,584.15,574.0
225,226.0,605.01,1134.0
226,227.0,605.47,645.0
227,228.0,603.98,533.0
228,229.0,600.98,-115.0
229,230.0,594.34,304.0
230,231.0,590.85,77.0
231,232.0,592.18,791.0
232,233.0,593.16,1178.0
233,234.0,596.61,926.0
234,235.0,608.71,968.0
235,236.0,606.07,619.0
236,237.0,619.91,1069.0
237,238.0,608.03,-166.0
238,239.0,617.44,860.0
239,240.0,624.85,798.0
240,241.0,627.5,1218.0
241,242.0,632.92,1017.0
242,243.0,635.14,950.0
243,244.0,640.57,915.0
244,245.0,648.35,1177.0
245,246.0,650.08,841.0
246,247.0,647.39,862.0
247,248.0,642.73,646.0
248,249.0,643.72,828.0
249,250.0,651.1,1146.0
250,251.0,657.19,998.0
251,252.0,651.11,538.0
252,253.0,652.79,725.0
253,254.0,649.45,477.0
254,255.0,647.0,921.0
255,256.0,664.49,1193.0
256,257.0,660.8,391.0
257,258.0,659.36,1058.0
258,259.0,653.95,379.0
259,260.0,647.16,223.0
260,261.0,656.82,1096.0
261,262.0,639.32,-886.0
262,263.0,645.36,920.0
263,264.0,640.75,740.0
264,265.0,636.77,770.0
265,266.0,641.35,1067.0
266,267.0,650.16,1199.0
267,268.0,642.14,-66.0
268,269.0,645.16,1182.0
269,270.0,640.97,536.0
270,271.0,645.64,944.0
271,272.0,656.95,1196.0
272,273.0,668.4,1173.0
273,274.0,675.09,327.0
274,275.0,676.65,343.0
275,276.0,668.48,224.0
276,277.0,664.75,520.0
277,278.0,673.69,1108.0
278,279.0,669.78,363.0
279,280.0,668.98,922.0
280,281.0,674.58,1135.0
281,282.0,685.22,994.0
282,283.0,672.22,-186.0
283,284.0,683.01,1065.0
284,285.0,680.6,979.0
285,286.0,687.88,1184.0
286,287.0,692.08,813.0
287,288.0,693.96,1343.0
288,289.0,699.89,507.0
289,290.0,714.37,1194.0
290,291.0,711.26,-154.0
291,292.0,711.57,1205.0
292,293.0,706.84,212.0
293,294.0,714.22,1199.0
294,295.0,709.95,-82.0
295,296.0,702.71,306.0
296,297.0,696.3,526.0
297,298.0,700.01,1197.0
298,299.0,699.11,1015.0
299,300.0,697.75,1050.0
300,301.0,692.68,319.0
301,302.0,693.2,1134.0
302,303.0,698.61,1015.0
303,304.0,689.6,338.0
304,305.0,685.62,-220.0
305,306.0,684.53,1011.0
306,307.0,686.3,1157.0
307,308.0,701.68,1245.0
308,309.0,711.89,831.0
309,310.0,701.02,-298.0
310,311.0,699.25,-861.0
311,312.0,691.2,22.0
312,313.0,697.03,1153.0
313,314.0,702.22,1206.0
314,315.0,698.7,331.0
315,316.0,695.08,614.0
316,317.0,685.16,219.0
317,318.0,688.58,558.0
318,319.0,697.66,1215.0
319,320.0,702.72,801.0
320,321.0,701.63,889.0
321,322.0,706.68,1162.0
322,323.0,700.77,527.0
323,324.0,708.89,871.0
324,325.0,703.51,37.0
325,326.0,703.74,1149.0
326,327.0,706.32,891.0
327,328.0,699.01,-189.0
328,329.0,712.23,1228.0
329,330.0,709.9,65.0
330,331.0,713.1,395.0
331,332.0,705.35,22.0
332,333.0,703.62,1006.0
333,334.0,705.8,1155.0
334,335.0,704.23,810.0
335,336.0,707.46,939.0
336,337.0,708.06,1122.0
337,338.0,721.45,1173.0
338,339.0,715.28,241.0
339,340.0,719.17,1197.0
340,341.0,713.82,698.0
341,342.0,714.27,1063.0
342,343.0,717.19,1223.0
343,344.0,719.71,1167.0
344,345.0,719.65,1171.0
345,346.0,710.43,-81.0
346,347.0,703.52,170.0
347,348.0,704.13,698.0
348,349.0,691.64,-433.0
349,350.0,677.46,-281.0
350,351.0,672.25,480.0
351,352.0,675.39,854.0
352,353.0,676.63,848.0
353,354.0,680.56,862.0
354,355.0,683.58,1225.0
355,356.0,682.83,1126.0
356,357.0,679.75,96.0
357,358.0,674.13,493.0
358,359.0,679.91,955.0
359,360.0,688.38,1070.0
360,361.0,685.15,779.0
361,362.0,703.93,995.0
362,363.0,700.14,533.0
363,364.0,682.89,-1001.0
364,365.0,686.63,1134.0
365,366.0,688.31,1234.0
366,367.0,682.88,654.0
367,368.0,686.92,347.0
368,369.0,675.52,33.0
369,370.0,677.29,721.0
370,371.0,676.12,827.0
371,372.0,670.93,682.0
372,373.0,667.17,796.0
373,374.0,674.27,1028.0
374,375.0,682.63,1179.0
375,376.0,683.35,295.0
376,377.0,689.8,1158.0
377,378.0,676.34,-235.0
378,379.0,677.38,466.0
379,380.0,679.8,1173.0
380,381.0,673.24,480.0
381,382.0,674.43,1112.0
382,383.0,688.53,1233.0
383,384.0,682.75,482.0
384,385.0,685.35,1233.0
385,386.0,682.08,860.0
386,387.0,677.01,308.0
387,388.0,675.11,1153.0
388,389.0,677.97,792.0
389,390.0,668.66,255.0
390,391.0,673.59,330.0
391,392.0,670.36,883.0
392,393.0,671.52,328.0
393,394.0,667.47,794.0
394,395.0,680.06,1184.0
395,396.0,675.17,-183.0
396,397.0,677.86,797.0
397,398.0,665.72,-27.0
398,399.0,665.39,973.0
399,400.0,661.21,620.0
400,401.0,667.47,949.0
401,402.0,653.03,-301.0
402,403.0,654.78,1181.0
403,404.0,662.75,1126.0
404,405.0,675.58,1094.0
405,406.0,667.76,225.0
406,407.0,663.19,692.0
407,408.0,660.44,953.0
408,409.0,656.18,397.0
409,410.0,664.25,508.0
410,411.0,681.22,849.0
411,412.0,692.47,1156.0
412,413.0,686.46,550.0
413,414.0,682.66,827.0
414,415.0,672.92,-644.0
415,416.0,673.65,697.0
416,417.0,676.64,511.0
417,418.0,679.98,901.0
418,419.0,679.93,1219.0
419,420.0,662.08,-990.0
420,421.0,658.61,542.0
421,422.0,649.73,273.0
422,423.0,653.29,892.0
423,424.0,656.21,1162.0
424,425.0,667.67,1201.0
425,426.0,663.24,706.0
426,427.0,646.95,-751.0
427,428.0,651.85,300.0
428,429.0,636.16,-351.0
429,430.0,645.46,995.0
430,431.0,645.91,450.0
431,432.0,657.11,1136.0
432,433.0,656.0,894.0
433,434.0,651.29,666.0
434,435.0,636.87,-631.0
435,436.0,633.21,591.0
436,437.0,620.31,-168.0
437,438.0,610.47,189.0
438,439.0,609.35,131.0
439,440.0,605.87,859.0
440,441.0,603.1,416.0
441,442.0,592.51,4.0
442,443.0,578.69,-158.0
443,444.0,577.47,1047.0
444,445.0,570.68,492.0
445,446.0,573.42,192.0
446,447.0,579.05,742.0
447,448.0,583.09,1102.0
448,449.0,599.39,1201.0
449,450.0,613.53,1132.0
450,451.0,614.5,576.0
451,452.0,617.24,1137.0
452,453.0,620.56,1181.0
453,454.0,619.08,714.0
454,455.0,612.48,572.0
455,456.0,614.41,1320.0
456,457.0,609.6,-394.0
457,458.0,615.31,1066.0
458,459.0,617.42,1159.0
459,460.0,617.98,1126.0
460,461.0,614.92,467.0
461,462.0,615.06,1010.0
462,463.0,620.23,1061.0
463,464.0,631.07,90.0
464,465.0,620.55,87.0
465,466.0,612.11,390.0
466,467.0,616.46,1082.0
467,468.0,625.21,1213.0
468,469.0,625.54,57.0
469,470.0,616.95,-144.0
470,471.0,616.25,757.0
471,472.0,615.82,634.0
472,473.0,614.52,675.0
473,474.0,614.23,999.0
474,475.0,612.26,982.0
475,476.0,606.25,-305.0
476,477.0,604.28,979.0
477,478.0,617.73,1110.0
478,479.0,613.56,56.0
479,480.0,611.76,981.0
480,481.0,618.61,1165.0
481,482.0,615.85,835.0
482,483.0,607.25,359.0
483,484.0,613.77,1148.0
484,485.0,612.71,1119.0
485,486.0,614.23,1003.0
486,487.0,619.02,786.0
487,488.0,619.48,1191.0
488,489.0,620.78,923.0
489,490.0,621.54,331.0
490,491.0,629.35,1102.0
491,492.0,626.66,612.0
492,493.0,624.06,77.0
493,494.0,621.8,568.0
494,495.0,620.49,1053.0
495,496.0,631.35,904.0
496,497.0,619.68,-361.0
497,498.0,631.71,1176.0
498,499.0,634.1,1212.0
499,500.0,635.62,784.0
500,501.0,629.89,366.0
501,502.0,631.86,-111.0
502,503.0,619.96,-9.0
503,504.0,608.54,-20.0
504,505.0,608.73,1096.0
505,506.0,615.8,952.0
506,507.0,620.82,1194.0
507,508.0,618.83,763.0
508,509.0,622.04,727.0
509,510.0,629.03,1208.0
510,511.0,632.5,1187.0
511,512.0,621.51,48.0
512,513.0,615.82,-28.0
513,514.0,618.77,1122.0
514,515.0,636.82,1162.0
515,516.0,638.49,874.0
516,517.0,644.86,1147.0
517,518.0,633.08,-285.0
518,519.0,624.06,303.0
519,520.0,638.96,503.0
520,521.0,642.42,890.0
521,522.0,643.21,344.0
522,523.0,641.07,666.0
523,524.0,632.54,310.0
524,525.0,631.25,1063.0
525,526.0,636.48,1229.0
526,527.0,655.22,1131.0
527,528.0,659.49,728.0
528,529.0,667.71,462.0
529,530.0,669.28,1152.0
530,531.0,669.93,506.0
531,532.0,664.57,608.0
532,533.0,662.9,728.0
533,534.0,666.88,1072.0
534,535.0,677.44,425.0
535,536.0,681.0,930.0
536,537.0,686.86,418.0
537,538.0,689.97,499.0
538,539.0,697.41,874.0
539,540.0,698.7,979.0
540,541.0,706.78,1224.0
541,542.0,717.15,1050.0
542,543.0,727.26,862.0
543,544.0,720.27,344.0
544,545.0,709.8,-568.0
545,546.0,718.49,1070.0
546,547.0,721.01,983.0
547,548.0,715.76,575.0
548,549.0,707.32,366.0
549,550.0,694.47,-161.0
550,551.0,697.97,925.0
551,552.0,698.61,1191.0
552,553.0,695.84,902.0
553,554.0,685.73,-306.0
554,555.0,692.12,1203.0
555,556.0,688.21,919.0
556,557.0,698.32,615.0
557,558.0,697.87,1031.0
558,559.0,697.92,1172.0
559,560.0,690.03,337.0
560,561.0,696.86,1166.0
561,562.0,696.14,938.0
562,563.0,685.29,-33.0
563,564.0,694.53,1015.0
564,565.0,705.35,1174.0
565,566.0,697.23,-421.0
566,567.0,691.43,502.0
567,568.0,674.08,-527.0
568,569.0,672.18,-132.0
569,570.0,677.5,388.0
570,571.0,679.53,961.0
571,572.0,681.12,793.0
572,573.0,680.99,648.0
573,574.0,670.67,-33.0
574,575.0,672.52,1167.0
575,576.0,673.58,-190.0
576,577.0,668.92,495.0
577,578.0,665.44,761.0
578,579.0,675.04,1021.0
579,580.0,675.86,1084.0
580,581.0,662.03,-218.0
581,582.0,659.24,567.0
582,583.0,669.31,1371.0
583,584.0,667.7,987.0
584,585.0,666.17,966.0
585,586.0,656.98,84.0
586,587.0,658.96,994.0
587,588.0,657.13,1005.0
588,589.0,658.06,1027.0
589,590.0,666.75,1208.0
590,591.0,667.84,1219.0
591,592.0,673.76,1206.0
592,593.0,677.8,472.0
593,594.0,679.17,705.0
594,595.0,679.28,1072.0
595,596.0,682.36,1221.0
596,597.0,691.71,564.0
597,598.0,680.3,34.0
598,599.0,668.68,58.0
599,600.0,667.19,633.0
600,601.0,662.27,-116.0
601,602.0,665.52,212.0
602,603.0,671.88,654.0
603,604.0,683.68,1164.0
604,605.0,675.02,221.0
605,606.0,663.6,-206.0
606,607.0,658.8,723.0
607,608.0,662.3,1112.0
608,609.0,664.62,958.0
609,610.0,656.26,390.0
610,611.0,655.52,1101.0
611,612.0,653.51,-153.0
612,613.0,664.58,1088.0
613,614.0,659.59,623.0
614,615.0,648.2,30.0
615,616.0,646.96,740.0
616,617.0,643.33,801.0
617,618.0,658.25,1206.0
618,619.0,661.72,646.0
619,620.0,668.6,1203.0
620,621.0,671.38,1167.0
621,622.0,679.98,1213.0
622,623.0,680.21,691.0
623,624.0,686.05,903.0
624,625.0,685.08,956.0
625,626.0,679.76,696.0
626,627.0,676.28,792.0
627,628.0,668.06,-95.0
628,629.0,673.36,992.0
629,630.0,671.5,984.0
630,631.0,670.24,381.0
631,632.0,676.33,1207.0
632,633.0,677.87,900.0
633,634.0,670.18,301.0
634,635.0,677.61,1167.0
635,636.0,674.13,592.0
636,637.0,677.6,762.0
637,638.0,679.32,690.0
638,639.0,677.91,733.0
639,640.0,665.21,-293.0
640,641.0,664.06,1109.0
641,642.0,649.61,-404.0
642,643.0,650.59,949.0
643,644.0,655.9,877.0
644,645.0,666.52,498.0
645,646.0,661.75,592.0
646,647.0,663.21,1133.0
647,648.0,668.88,1153.0
648,649.0,666.52,121.0
649,650.0,676.37,833.0
650,651.0,677.07,1005.0
651,652.0,671.65,668.0
652,653.0,662.8,7.0
653,654.0,664.4,-137.0
654,655.0,665.28,1292.0
655,656.0,662.85,676.0
656,657.0,662.42,583.0
657,658.0,660.98,878.0
658,659.0,652.31,306.0
659,660.0,660.94,1199.0
660,661.0,654.01,456.0
661,662.0,655.73,1118.0
662,663.0,658.89,283.0
663,664.0,650.0,126.0
664,665.0,639.76,163.0
665,666.0,644.01,4.0
666,667.0,651.0,1209.0
667,668.0,664.31,808.0
668,669.0,670.71,507.0
669,670.0,675.88,915.0
670,671.0,678.26,1208.0
671,672.0,677.73,750.0
672,673.0,676.65,542.0
673,674.0,683.85,696.0
674,675.0,683.36,1118.0
675,676.0,665.97,-1933.0
676,677.0,657.81,-321.0
677,678.0,645.27,-496.0
678,679.0,646.67,1161.0
679,680.0,646.91,1099.0
680,681.0,657.96,887.0
681,682.0,660.59,818.0
682,683.0,652.82,591.0
683,684.0,652.22,918.0
684,685.0,638.36,-420.0
685,686.0,634.76,-282.0
686,687.0,630.83,601.0
687,688.0,631.51,1075.0
688,689.0,626.49,506.0
689,690.0,619.97,528.0
690,691.0,607.75,-11.0
691,692.0,600.99,530.0
692,693.0,600.53,419.0
693,694.0,600.98,754.0
694,695.0,599.19,886.0
695,696.0,587.5,43.0
696,697.0,572.74,-914.0
697,698.0,580.56,815.0
698,699.0,591.15,1109.0
699,700.0,590.95,613.0
700,701.0,602.62,1051.0
701,702.0,609.37,889.0
702,703.0,610.95,785.0
703,704.0,610.02,1070.0
704,705.0,618.14,1051.0
705,706.0,616.79,-342.0
706,707.0,609.81,18.0
707,708.0,610.29,1161.0
708,709.0,607.63,683.0
709,710.0,599.42,-449.0
710,711.0,600.45,1216.0
711,712.0,607.49,551.0
712,713.0,605.05,863.0
713,714.0,608.33,950.0
714,715.0,615.47,736.0
715,716.0,619.72,1157.0
716,717.0,620.28,841.0
717,718.0,620.33,1211.0
718,719.0,624.29,1067.0
719,720.0,616.57,422.0
720,721.0,613.65,884.0
721,722.0,611.52,1009.0
722,723.0,615.9,1139.0
723,724.0,616.71,975.0
724,725.0,615.93,879.0
725,726.0,617.04,817.0
726,727.0,621.49,1228.0
727,728.0,634.47,1222.0
728,729.0,624.61,7.0
729,730.0,622.78,790.0
730,731.0,630.2,1123.0
731,732.0,621.07,296.0
732,733.0,623.22,1097.0
733,734.0,632.49,1240.0
734,735.0,630.82,1000.0
735,736.0,632.5,750.0
736,737.0,632.0,724.0
737,738.0,630.19,491.0
738,739.0,620.75,-210.0
739,740.0,631.14,739.0
740,741.0,632.13,1226.0
741,742.0,647.82,1165.0
742,743.0,636.53,-181.0
743,744.0,637.83,999.0
744,745.0,641.94,917.0
745,746.0,638.55,241.0
746,747.0,639.1,1188.0
747,748.0,629.97,231.0
748,749.0,630.02,135.0
749,750.0,633.84,1214.0
750,751.0,631.9,811.0
751,752.0,635.36,1014.0
752,753.0,641.07,607.0
753,754.0,652.77,1051.0
754,755.0,644.42,457.0
755,756.0,647.98,1042.0
756,757.0,648.0,602.0
757,758.0,648.87,965.0
758,759.0,646.91,96.0
759,760.0,634.33,-58.0
760,761.0,640.27,1069.0
761,762.0,638.63,945.0
762,763.0,646.22,1042.0
763,764.0,655.47,1051.0
764,765.0,665.35,1128.0
765,766.0,675.84,1053.0
766,767.0,675.49,1175.0
767,768.0,665.68,-181.0
768,769.0,667.69,708.0
769,770.0,658.98,34.0
770,771.0,646.16,-83.0
771,772.0,636.28,-238.0
772,773.0,636.9,607.0
773,774.0,641.79,1176.0
774,775.0,641.89,1128.0
775,776.0,670.1,882.0
776,777.0,681.03,771.0
777,778.0,697.57,1179.0
778,779.0,697.5,1144.0
779,780.0,695.58,906.0
780,781.0,694.3,757.0
781,782.0,695.97,996.0
782,783.0,696.02,599.0
783,784.0,698.95,1220.0
784,785.0,708.09,493.0
785,786.0,711.02,16.0
786,787.0,715.28,1017.0
787,788.0,710.8,627.0
788,789.0,716.1,1052.0
789,790.0,722.25,1163.0
790,791.0,724.43,213.0
791,792.0,730.84,1171.0
792,793.0,726.54,-4.0
793,794.0,731.48,1243.0
794,795.0,732.56,1004.0
795,796.0,742.87,1074.0
796,797.0,762.91,1093.0
797,798.0,765.43,1069.0
798,799.0,758.8,447.0
799,800.0,752.52,-13.0
800,801.0,746.58,457.0
801,802.0,739.46,184.0
802,803.0,741.59,998.0
803,804.0,741.06,1027.0
804,805.0,744.32,1359.0
805,806.0,758.27,1063.0
806,807.0,765.59,740.0
807,808.0,760.65,667.0
808,809.0,758.05,424.0
809,810.0,765.37,283.0
810,811.0,754.42,112.0
811,812.0,759.61,1070.0
812,813.0,750.41,-80.0
813,814.0,750.26,936.0
814,815.0,742.88,-1.0
815,816.0,743.46,1215.0
816,817.0,744.22,934.0
817,818.0,738.01,591.0
818,819.0,728.71,121.0
819,820.0,733.09,860.0
820,821.0,735.1,1077.0
821,822.0,726.47,146.0
822,823.0,725.89,1072.0
823,824.0,723.12,707.0
824,825.0,725.22,1098.0
825,826.0,728.66,1169.0
826,827.0,722.5,608.0
827,828.0,719.1,862.0
828,829.0,727.04,800.0
829,830.0,731.26,1214.0
830,831.0,728.2,814.0
831,832.0,723.63,-161.0
832,833.0,718.8,614.0
833,834.0,708.48,208.0
834,835.0,703.7,523.0
835,836.0,707.8,1162.0
836,837.0,710.56,999.0
837,838.0,711.04,536.0
838,839.0,721.23,809.0
839,840.0,719.22,534.0
840,841.0,711.76,462.0
841,842.0,705.14,499.0
842,843.0,710.89,404.0
843,844.0,712.9,1199.0
844,845.0,715.83,1211.0
845,846.0,707.13,-623.0
846,847.0,694.82,-49.0
847,848.0,703.72,1112.0
848,849.0,710.87,840.0
849,850.0,703.83,520.0
850,851.0,697.58,182.0
851,852.0,692.54,492.0
852,853.0,698.72,1208.0
853,854.0,693.44,505.0
854,855.0,692.77,390.0
855,856.0,687.72,528.0
856,857.0,691.18,930.0
857,858.0,678.66,-287.0
858,859.0,684.34,686.0
859,860.0,695.97,1114.0
860,861.0,685.87,41.0
861,862.0,680.95,450.0
862,863.0,675.8,525.0
863,864.0,676.51,1122.0
864,865.0,674.79,966.0
865,866.0,672.04,778.0
866,867.0,658.82,-165.0
867,868.0,664.37,383.0
868,869.0,669.11,1191.0
869,870.0,680.08,1139.0
870,871.0,689.53,862.0
871,872.0,701.2,929.0
872,873.0,704.02,899.0
873,874.0,695.28,308.0
874,875.0,692.17,816.0
875,876.0,689.97,651.0
876,877.0,688.24,616.0
877,878.0,669.39,-723.0
878,879.0,661.15,318.0
879,880.0,663.74,1174.0
880,881.0,652.4,-375.0
881,882.0,652.89,1043.0
882,883.0,651.79,498.0
883,884.0,641.45,174.0
884,885.0,645.31,880.0
885,886.0,650.12,498.0
886,887.0,644.65,467.0
887,888.0,644.71,634.0
888,889.0,628.62,-540.0
889,890.0,617.8,81.0
890,891.0,613.69,-197.0
891,892.0,603.17,118.0
892,893.0,606.65,343.0
893,894.0,605.96,1184.0
894,895.0,595.79,-23.0
895,896.0,594.78,973.0
896,897.0,585.92,207.0
897,898.0,586.73,1150.0
898,899.0,593.34,1105.0
899,900.0,601.13,775.0
900,901.0,595.67,-92.0
901,902.0,593.71,-19.0
902,903.0,595.25,1152.0
903,904.0,586.25,118.0
904,905.0,578.63,597.0
905,906.0,578.76,1083.0
906,907.0,580.08,880.0
907,908.0,582.84,943.0
908,909.0,589.7,1119.0
909,910.0,598.21,1159.0
910,911.0,597.47,44.0
911,912.0,597.94,1116.0
912,913.0,609.5,1064.0
913,914.0,604.72,476.0
914,915.0,602.44,-230.0
915,916.0,599.24,893.0
916,917.0,593.62,355.0
917,918.0,594.06,634.0
918,919.0,601.47,888.0
919,920.0,602.5,972.0
920,921.0,598.9,707.0
921,922.0,593.41,-412.0
922,923.0,579.28,-341.0
923,924.0,583.57,1127.0
924,925.0,575.03,235.0
925,926.0,574.46,1095.0
926,927.0,561.21,-708.0
927,928.0,554.65,207.0
928,929.0,552.22,558.0
929,930.0,554.17,1409.0
930,931.0,555.31,940.0
931,932.0,565.07,832.0
932,933.0,570.97,1211.0
933,934.0,576.56,767.0
934,935.0,576.4,503.0
935,936.0,563.5,-128.0
936,937.0,563.97,1038.0
937,938.0,570.44,1195.0
938,939.0,561.08,-127.0
939,940.0,552.58,-312.0
940,941.0,559.76,1186.0
941,942.0,565.1,1037.0
942,943.0,567.76,649.0
943,944.0,565.39,963.0
944,945.0,551.6,-177.0
945,946.0,562.17,442.0
946,947.0,572.78,1027.0
947,948.0,570.44,886.0
948,949.0,566.23,426.0
949,950.0,564.32,320.0
950,951.0,560.78,-176.0
951,952.0,567.9,1203.0
952,953.0,566.21,1057.0
953,954.0,562.02,86.0
954,955.0,565.84,771.0
955,956.0,567.39,681.0
956,957.0,558.35,27.0
957,958.0,572.98,1176.0
958,959.0,563.66,-258.0
959,960.0,557.71,519.0
960,961.0,562.01,467.0
961,962.0,560.3,280.0
962,963.0,561.97,702.0
963,964.0,551.37,62.0
964,965.0,553.63,1183.0
965,966.0,559.7,1394.0
966,967.0,565.59,430.0
967,968.0,571.8,1012.0
968,969.0,568.01,802.0
969,970.0,566.82,1020.0
970,971.0,562.33,419.0
971,972.0,541.68,-1144.0
972,973.0,528.43,-431.0
973,974.0,535.15,980.0
974,975.0,539.16,1227.0
975,976.0,537.83,528.0
976,977.0,537.22,538.0
977,978.0,543.87,-51.0
978,979.0,549.49,883.0
979,980.0,550.1,1244.0
980,981.0,558.79,491.0
981,982.0,558.27,992.0
982,983.0,557.2,378.0
983,984.0,567.2,1177.0
984,985.0,569.87,1147.0
985,986.0,574.12,932.0
986,987.0,579.98,1056.0
987,988.0,582.24,860.0
988,989.0,598.83,1102.0
989,990.0,596.57,-145.0
990,991.0,607.86,933.0
991,992.0,610.6,393.0
992,993.0,605.03,-213.0
993,994.0,603.61,1033.0
994,995.0,607.1,327.0
995,996.0,597.0,-37.0
996,997.0,590.38,-455.0
997,998.0,577.17,-173.0
998,999.0,578.07,1206.0
999,1000.0,574.18,374.0
1000,1001.0,577.91,293.0
1001,1002.0,587.43,948.0
1002,1003.0,579.01,310.0
1003,1004.0,583.55,567.0
1004,1005.0,585.97,849.0
1005,1006.0,587.49,1219.0
1006,1007.0,582.02,332.0
1007,1008.0,577.53,484.0
1008,1009.0,562.08,-427.0
1009,1010.0,561.48,1083.0
1010,1011.0,565.85,484.0
1011,1012.0,563.85,917.0
1012,1013.0,560.52,740.0
1013,1014.0,555.5,-35.0
1014,1015.0,563.9,612.0
1015,1016.0,555.18,23.0
1016,1017.0,563.93,1229.0
1017,1018.0,562.49,491.0
1018,1019.0,559.52,564.0
1019,1020.0,559.91,1002.0
1020,1021.0,562.8,1003.0
1021,1022.0,578.2,1146.0
1022,1023.0,583.05,142.0
1023,1024.0,581.69,989.0
1024,1025.0,576.3,-304.0
1025,1026.0,564.32,-102.0
1026,1027.0,582.26,1089.0
1027,1028.0,588.72,854.0
1028,1029.0,587.54,439.0
1029,1030.0,573.38,1.0
1030,1031.0,575.95,1187.0
1031,1032.0,571.23,341.0
1032,1033.0,570.94,1173.0
1033,1034.0,570.98,760.0
1034,1035.0,564.34,-148.0
1035,1036.0,576.22,1060.0
1036,1037.0,576.79,1095.0
1037,1038.0,564.61,-23.0
1038,1039.0,574.73,885.0
1039,1040.0,577.77,-8.0
1040,1041.0,576.02,1005.0
1041,1042.0,562.07,-359.0
1042,1043.0,559.93,454.0
1043,1044.0,542.26,-803.0
1044,1045.0,551.31,725.0
1045,1046.0,553.66,667.0
1046,1047.0,541.77,-164.0
1047,1048.0,543.09,1027.0
1048,1049.0,546.91,810.0
1049,1050.0,555.37,1184.0
1050,1051.0,558.4,127.0
1051,1052.0,557.15,1079.0
1052,1053.0,551.25,449.0
1053,1054.0,555.9,551.0
1054,1055.0,556.0,782.0
1055,1056.0,559.09,991.0
1056,1057.0,568.28,954.0
1057,1058.0,567.39,1096.0
1058,1059.0,569.27,-69.0
1059,1060.0,574.65,1047.0
1060,1061.0,577.74,778.0
1061,1062.0,578.65,374.0
1062,1063.0,581.89,1018.0
1063,1064.0,587.75,666.0
1064,1065.0,588.14,1230.0
1065,1066.0,580.44,622.0
1066,1067.0,587.99,1205.0
1067,1068.0,580.61,275.0
1068,1069.0,582.92,1040.0
1069,1070.0,581.72,901.0
1070,1071.0,589.73,1214.0
1071,1072.0,602.06,88.0
1072,1073.0,610.66,422.0
1073,1074.0,610.83,982.0
1074,1075.0,604.08,541.0
1075,1076.0,606.85,804.0
1076,1077.0,612.79,1141.0
1077,1078.0,615.9,266.0
1078,1079.0,617.7,1058.0
1079,1080.0,616.81,1128.0
1080,1081.0,609.18,-269.0
1081,1082.0,610.86,1152.0
1082,1083.0,613.58,654.0
1083,1084.0,614.04,1241.0
1084,1085.0,612.77,1020.0
1085,1086.0,606.42,283.0
1086,1087.0,607.61,1176.0
1087,1088.0,609.25,1023.0
1088,1089.0,604.98,668.0
1089,1090.0,614.49,806.0
1090,1091.0,598.82,-640.0
1091,1092.0,606.16,1126.0
1092,1093.0,620.32,1203.0
1093,1094.0,618.16,816.0
1094,1095.0,619.83,494.0
1095,1096.0,628.83,863.0
1096,1097.0,642.79,938.0
1097,1098.0,652.32,781.0
1098,1099.0,651.67,1139.0
1099,1100.0,659.74,1193.0
1100,1101.0,667.31,1041.0
1101,1102.0,668.87,1095.0
1102,1103.0,668.99,313.0
1103,1104.0,662.91,-36.0
1104,1105.0,662.08,752.0
1105,1106.0,662.5,1270.0
1106,1107.0,671.2,1211.0
1107,1108.0,662.31,-395.0
1108,1109.0,670.55,389.0
1109,1110.0,671.38,1165.0
1110,1111.0,674.88,825.0
1111,1112.0,675.89,1018.0
1112,1113.0,679.37,1088.0
1113,1114.0,690.55,1074.0
1114,1115.0,688.92,448.0
1115,1116.0,687.01,-168.0
1116,1117.0,685.27,1056.0
1117,1118.0,686.04,568.0
1118,1119.0,680.17,-22.0
1119,1120.0,680.99,1084.0
1120,1121.0,676.81,588.0
1121,1122.0,676.97,1140.0
1122,1123.0,683.15,761.0
1123,1124.0,677.91,467.0
1124,1125.0,693.26,1230.0
1125,1126.0,705.08,1079.0
1126,1127.0,703.48,921.0
1127,1128.0,703.81,896.0
1128,1129.0,708.12,880.0
1129,1130.0,702.63,-569.0
1130,1131.0,687.69,-306.0
1131,1132.0,691.47,730.0
1132,1133.0,683.94,418.0
1133,1134.0,685.12,878.0
1134,1135.0,690.98,429.0
1135,1136.0,687.62,722.0
1136,1137.0,687.17,1057.0
1137,1138.0,699.15,1164.0
1138,1139.0,691.25,95.0
1139,1140.0,703.07,1174.0
1140,1141.0,689.07,-395.0
1141,1142.0,704.63,1198.0
1142,1143.0,707.73,766.0
1143,1144.0,719.65,397.0
1144,1145.0,724.13,1176.0
1145,1146.0,729.7,1224.0
1146,1147.0,739.22,790.0
1147,1148.0,729.29,34.0
1148,1149.0,732.4,1111.0
1149,1150.0,720.4,-34.0
1150,1151.0,729.14,1010.0
1151,1152.0,729.14,1078.0
1152,1153.0,733.5,883.0
1153,1154.0,735.82,790.0
1154,1155.0,728.56,56.0
1155,1156.0,718.9,22.0
1156,1157.0,715.38,585.0
1157,1158.0,700.39,-412.0
1158,1159.0,708.51,746.0
1159,1160.0,707.07,904.0
1160,1161.0,709.42,1015.0
1161,1162.0,715.09,949.0
1162,1163.0,715.92,1109.0
1163,1164.0,719.01,956.0
1164,1165.0,707.64,84.0
1165,1166.0,713.6,1219.0
1166,1167.0,706.27,464.0
1167,1168.0,704.02,41.0
1168,1169.0,704.55,1087.0
1169,1170.0,706.72,1099.0
1170,1171.0,705.93,1135.0
1171,1172.0,709.97,490.0
1172,1173.0,707.52,180.0
1173,1174.0,708.81,1128.0
1174,1175.0,711.2,782.0
1175,1176.0,701.99,-114.0
1176,1177.0,699.1,843.0
1177,1178.0,701.91,534.0
1178,1179.0,692.51,120.0
1179,1180.0,687.12,599.0
1180,1181.0,691.5,176.0
1181,1182.0,687.52,763.0
1182,1183.0,682.77,179.0
1183,1184.0,678.84,828.0
1184,1185.0,680.1,1145.0
1185,1186.0,689.04,1182.0
1186,1187.0,684.84,753.0
1187,1188.0,686.3,1170.0
1188,1189.0,684.36,474.0
1189,1190.0,688.3,1200.0
1190,1191.0,696.8,216.0
1191,1192.0,695.51,999.0
1192,1193.0,682.95,-53.0
1193,1194.0,684.01,932.0
1194,1195.0,685.34,627.0
1195,1196.0,678.12,132.0
1196,1197.0,672.8,409.0
1197,1198.0,670.71,574.0
1198,1199.0,666.04,674.0
1199,1200.0,661.49,729.0
1200,1201.0,662.88,1180.0
1201,1202.0,663.13,1132.0
1202,1203.0,668.98,915.0
1203,1204.0,679.88,1054.0
1204,1205.0,682.09,977.0
1205,1206.0,677.38,788.0
1206,1207.0,661.92,-347.0
1207,1208.0,675.65,966.0
1208,1209.0,677.63,587.0
1209,1210.0,677.62,1155.0
1210,1211.0,673.5,412.0
1211,1212.0,673.42,1017.0
1212,1213.0,672.67,1013.0
1213,1214.0,667.38,545.0
1214,1215.0,674.09,1118.0
1215,1216.0,685.97,1025.0
1216,1217.0,663.94,-1145.0
1217,1218.0,667.86,969.0
1218,1219.0,659.41,-870.0
1219,1220.0,660.64,1207.0
1220,1221.0,659.77,510.0
1221,1222.0,648.37,4.0
1222,1223.0,646.49,582.0
1223,1224.0,639.89,-193.0
1224,1225.0,628.01,42.0
1225,1226.0,620.21,304.0
1226,1227.0,596.53,-1451.0
1227,1228.0,599.75,1209.0
1228,1229.0,597.98,694.0
1229,1230.0,612.18,854.0
1230,1231.0,613.18,-211.0
1231,1232.0,611.94,595.0
1232,1233.0,610.26,254.0
1233,1234.0,603.69,232.0
1234,1235.0,608.81,950.0
1235,1236.0,610.44,887.0
1236,1237.0,602.45,238.0
1237,1238.0,596.69,599.0
1238,1239.0,605.15,937.0
1239,1240.0,586.88,-654.0
1240,1241.0,600.11,936.0
1241,1242.0,598.84,1079.0
1242,1243.0,598.22,688.0
1243,1244.0,596.68,234.0
1244,1245.0,596.15,1132.0
1245,1246.0,582.67,-114.0
1246,1247.0,576.75,189.0
1247,1248.0,588.7,1230.0
1248,1249.0,583.21,562.0
1249,1250.0,596.07,1253.0
1250,1251.0,581.94,-412.0
1251,1252.0,576.13,507.0
1252,1253.0,570.87,359.0
1253,1254.0,564.11,107.0
1254,1255.0,569.45,590.0
1255,1256.0,570.06,87.0
1256,1257.0,572.04,792.0
1257,1258.0,586.92,1076.0
1258,1259.0,584.97,549.0
1259,1260.0,573.57,-236.0
1260,1261.0,563.88,45.0
1261,1262.0,557.42,291.0
1262,1263.0,542.73,-364.0
1263,1264.0,529.21,-395.0
1264,1265.0,540.02,1166.0
1265,1266.0,538.44,1053.0
1266,1267.0,533.66,-23.0
1267,1268.0,535.44,228.0
1268,1269.0,535.09,1041.0
1269,1270.0,531.15,714.0
1270,1271.0,530.98,1118.0
1271,1272.0,528.31,225.0
1272,1273.0,537.99,1157.0
1273,1274.0,534.8,801.0
1274,1275.0,536.2,922.0
1275,1276.0,543.32,584.0
1276,1277.0,530.86,-403.0
1277,1278.0,525.69,12.0
1278,1279.0,534.03,973.0
1279,1280.0,540.42,1247.0
1280,1281.0,550.29,1156.0
1281,1282.0,541.82,-92.0
1282,1283.0,552.12,1217.0
1283,1284.0,555.86,1203.0
1284,1285.0,550.79,639.0
1285,1286.0,550.75,1178.0
1286,1287.0,550.46,725.0
1287,1288.0,549.26,1068.0
1288,1289.0,551.49,696.0
1289,1290.0,550.35,1095.0
1290,1291.0,543.69,-449.0
1291,1292.0,534.14,40.0
1292,1293.0,535.32,65.0
1293,1294.0,526.48,31.0
1294,1295.0,526.38,616.0
1295,1296.0,521.45,-352.0
1296,1297.0,524.27,690.0
1297,1298.0,529.69,1116.0
1298,1299.0,526.16,313.0
1299,1300.0,530.35,1157.0
1300,1301.0,524.76,621.0
1301,1302.0,515.86,224.0
1302,1303.0,516.44,973.0
1303,1304.0,503.66,-224.0
1304,1305.0,501.8,790.0
1305,1306.0,504.28,1037.0
1306,1307.0,515.07,745.0
1307,1308.0,513.89,848.0
1308,1309.0,518.41,1038.0
1309,1310.0,509.41,254.0
1310,1311.0,517.44,1225.0
1311,1312.0,516.82,965.0
1312,1313.0,519.21,1261.0
1313,1314.0,511.42,-239.0
1314,1315.0,512.32,1209.0
1315,1316.0,503.64,143.0
1316,1317.0,524.35,942.0
1317,1318.0,524.57,982.0
1318,1319.0,533.37,19.0
1319,1320.0,533.02,1163.0
1320,1321.0,538.05,1003.0
1321,1322.0,531.01,-706.0
1322,1323.0,523.01,-226.0
1323,1324.0,534.18,932.0
1324,1325.0,545.69,1203.0
1325,1326.0,549.26,655.0
1326,1327.0,569.29,554.0
1327,1328.0,558.39,119.0
1328,1329.0,558.24,679.0
1329,1330.0,556.25,655.0
1330,1331.0,568.7,1039.0
1331,1332.0,571.39,873.0
1332,1333.0,572.08,320.0
1333,1334.0,575.09,533.0
1334,1335.0,558.13,-743.0
1335,1336.0,559.27,1010.0
1336,1337.0,563.59,683.0
1337,1338.0,568.11,1058.0
1338,1339.0,562.76,414.0
1339,1340.0,579.82,1249.0
1340,1341.0,580.34,979.0
1341,1342.0,572.56,284.0
1342,1343.0,575.14,971.0
1343,1344.0,584.6,1196.0
1344,1345.0,571.78,-150.0
1345,1346.0,583.91,1090.0
1346,1347.0,593.9,1187.0
1347,1348.0,593.87,1217.0
1348,1349.0,593.75,551.0
1349,1350.0,589.86,863.0
1350,1351.0,599.74,576.0
1351,1352.0,606.87,1211.0
1352,1353.0,605.42,214.0
1353,1354.0,610.87,661.0
1354,1355.0,614.95,1007.0
1355,1356.0,623.6,951.0
1356,1357.0,627.7,1202.0
1357,1358.0,625.33,854.0
1358,1359.0,614.56,-536.0
1359,1360.0,623.67,675.0
1360,1361.0,635.33,1230.0
1361,1362.0,623.92,-811.0
1362,1363.0,632.51,490.0
1363,1364.0,643.45,717.0
1364,1365.0,637.59,589.0
1365,1366.0,626.16,-96.0
1366,1367.0,626.56,12.0
1367,1368.0,636.12,1184.0
1368,1369.0,636.46,1086.0
1369,1370.0,635.62,630.0
1370,1371.0,627.17,272.0
1371,1372.0,628.5,357.0
1372,1373.0,618.74,172.0
1373,1374.0,611.09,32.0
1374,1375.0,608.75,678.0
1375,1376.0,606.05,324.0
1376,1377.0,619.02,892.0
1377,1378.0,629.05,1029.0
1378,1379.0,628.89,941.0
1379,1380.0,624.27,773.0
1380,1381.0,615.47,276.0
1381,1382.0,628.25,1213.0
1382,1383.0,627.67,1151.0
1383,1384.0,622.16,653.0
1384,1385.0,625.11,931.0
1385,1386.0,624.14,1081.0
1386,1387.0,623.54,666.0
1387,1388.0,623.42,1038.0
1388,1389.0,623.69,724.0
1389,1390.0,616.2,335.0
1390,1391.0,631.19,1048.0
1391,1392.0,641.45,1069.0
1392,1393.0,651.56,1076.0
1393,1394.0,661.66,1048.0
1394,1395.0,665.23,982.0
1395,1396.0,679.21,1045.0
1396,1397.0,674.12,182.0
1397,1398.0,663.11,15.0
1398,1399.0,669.44,946.0
1399,1400.0,660.89,293.0
1400,1401.0,656.69,197.0
1401,1402.0,663.73,925.0
1402,1403.0,663.72,964.0
1403,1404.0,675.92,1014.0
1404,1405.0,674.46,654.0
1405,1406.0,671.56,747.0
1406,1407.0,670.0,580.0
1407,1408.0,666.7,527.0
1408,1409.0,662.42,602.0
1409,1410.0,671.74,1187.0
1410,1411.0,670.24,1074.0
1411,1412.0,671.2,1043.0
1412,1413.0,658.49,-22.0
1413,1414.0,665.59,473.0
1414,1415.0,662.34,884.0
1415,1416.0,667.62,680.0
1416,1417.0,666.16,774.0
1417,1418.0,659.61,324.0
1418,1419.0,670.24,1085.0
1419,1420.0,670.89,1245.0
1420,1421.0,670.49,982.0
1421,1422.0,676.44,-105.0
1422,1423.0,688.23,952.0
1423,1424.0,690.34,1153.0
1424,1425.0,690.09,1168.0
1425,1426.0,692.7,917.0
1426,1427.0,695.46,841.0
1427,1428.0,703.83,956.0
1428,1429.0,703.44,639.0
1429,1430.0,701.12,424.0
1430,1431.0,701.92,1119.0
1431,1432.0,703.89,1062.0
1432,1433.0,712.07,1149.0
1433,1434.0,714.55,770.0
1434,1435.0,727.97,584.0
1435,1436.0,715.37,-259.0
1436,1437.0,713.07,453.0
1437,1438.0,707.71,506.0
1438,1439.0,710.64,708.0
1439,1440.0,710.8,1078.0
1440,1441.0,711.07,1006.0
1441,1442.0,716.19,814.0
1442,1443.0,703.45,-324.0
1443,1444.0,694.97,330.0
1444,1445.0,694.51,-208.0
1445,1446.0,695.2,1168.0
1446,1447.0,684.51,119.0
1447,1448.0,683.21,1088.0
1448,1449.0,684.07,645.0
1449,1450.0,681.82,647.0
1450,1451.0,678.42,236.0
1451,1452.0,675.5,919.0
1452,1453.0,684.57,1146.0
1453,1454.0,679.55,150.0
1454,1455.0,674.81,522.0
1455,1456.0,670.44,513.0
1456,1457.0,662.0,358.0
1457,1458.0,665.05,1143.0
1458,1459.0,676.39,599.0
1459,1460.0,666.12,-352.0
1460,1461.0,661.53,762.0
1461,1462.0,671.3,131.0
1462,1463.0,668.09,187.0
1463,1464.0,666.33,522.0
1464,1465.0,668.75,822.0
1465,1466.0,679.77,1020.0
1466,1467.0,688.51,900.0
1467,1468.0,688.53,1186.0
1468,1469.0,687.41,974.0
1469,1470.0,692.29,1128.0
1470,1471.0,701.56,1199.0
1471,1472.0,705.97,797.0
1472,1473.0,713.15,908.0
1473,1474.0,712.41,-38.0
1474,1475.0,717.7,1226.0
1475,1476.0,726.75,1232.0
1476,1477.0,727.59,987.0
1477,1478.0,727.76,1036.0
1478,1479.0,721.9,361.0
1479,1480.0,725.61,1137.0
1480,1481.0,728.47,569.0
1481,1482.0,725.74,913.0
1482,1483.0,716.32,209.0
1483,1484.0,722.42,1262.0
1484,1485.0,726.92,1384.0
1485,1486.0,721.08,495.0
1486,1487.0,725.87,1155.0
1487,1488.0,718.87,334.0
1488,1489.0,712.47,88.0
1489,1490.0,716.43,742.0
1490,1491.0,690.16,-1582.0
1491,1492.0,682.33,284.0
1492,1493.0,668.42,-315.0
1493,1494.0,669.66,1182.0
1494,1495.0,674.08,1416.0
1495,1496.0,672.05,842.0
1496,1497.0,678.15,792.0
1497,1498.0,678.71,71.0
1498,1499.0,678.37,921.0
1499,1500.0,673.75,-181.0
1500,1501.0,679.09,732.0
1501,1502.0,678.31,847.0
1502,1503.0,677.17,848.0
1503,1504.0,677.0,979.0
1504,1505.0,673.38,283.0
1505,1506.0,677.78,1180.0
1506,1507.0,681.8,1000.0
1507,1508.0,681.75,515.0
1508,1509.0,687.75,1220.0
1509,1510.0,684.66,879.0
1510,1511.0,685.06,1106.0
1511,1512.0,679.16,461.0
1512,1513.0,691.17,1182.0
1513,1514.0,693.35,703.0
1514,1515.0,691.73,721.0
1515,1516.0,690.78,585.0
1516,1517.0,686.85,391.0
1517,1518.0,689.91,632.0
1518,1519.0,691.16,1209.0
1519,1520.0,679.66,87.0
1520,1521.0,681.98,1205.0
1521,1522.0,688.62,559.0
1522,1523.0,688.63,970.0
1523,1524.0,683.23,592.0
1524,1525.0,682.35,1090.0
1525,1526.0,666.69,-645.0
1526,1527.0,659.95,155.0
1527,1528.0,653.34,295.0
1528,1529.0,654.44,750.0
1529,1530.0,647.66,-244.0
1530,1531.0,641.65,527.0
1531,1532.0,639.71,878.0
1532,1533.0,629.32,100.0
1533,1534.0,633.85,1234.0
1534,1535.0,637.99,999.0
1535,1536.0,640.05,-54.0
1536,1537.0,633.33,-220.0
1537,1538.0,631.19,292.0
1538,1539.0,626.79,259.0
1539,1540.0,618.33,223.0
1540,1541.0,614.12,584.0
1541,1542.0,615.76,969.0
1542,1543.0,628.83,987.0
1543,1544.0,634.76,925.0
1544,1545.0,647.93,1112.0
1545,1546.0,645.26,891.0
1546,1547.0,655.61,1154.0
1547,1548.0,656.19,1154.0
1548,1549.0,654.54,473.0
1549,1550.0,647.04,-112.0
1550,1551.0,623.25,-2146.0
1551,1552.0,620.98,701.0
1552,1553.0,617.79,808.0
1553,1554.0,613.98,-231.0
1554,1555.0,619.05,1031.0
1555,1556.0,613.44,-38.0
1556,1557.0,616.13,617.0
1557,1558.0,607.43,282.0
1558,1559.0,607.61,617.0
1559,1560.0,621.19,1006.0
1560,1561.0,622.59,900.0
1561,1562.0,625.12,381.0
1562,1563.0,628.8,536.0
1563,1564.0,627.77,420.0
1564,1565.0,630.44,1089.0
1565,1566.0,626.89,655.0
1566,1567.0,630.16,1218.0
1567,1568.0,630.38,1199.0
1568,1569.0,626.34,569.0
1569,1570.0,625.15,1008.0
1570,1571.0,616.2,314.0
1571,1572.0,607.29,-92.0
1572,1573.0,597.3,-109.0
1573,1574.0,607.15,946.0
1574,1575.0,604.83,993.0
1575,1576.0,602.17,976.0
1576,1577.0,594.68,221.0
1577,1578.0,582.02,-229.0
1578,1579.0,588.42,1002.0
1579,1580.0,574.12,-292.0
1580,1581.0,571.03,286.0
1581,1582.0,566.19,428.0
1582,1583.0,571.99,789.0
1583,1584.0,571.23,1184.0
1584,1585.0,562.22,483.0
1585,1586.0,568.57,1122.0
1586,1587.0,564.43,731.0
1587,1588.0,569.32,835.0
1588,1589.0,570.15,167.0
1589,1590.0,559.54,-334.0
1590,1591.0,587.37,1206.0
1591,1592.0,586.21,170.0
1592,1593.0,594.79,543.0
1593,1594.0,594.94,1206.0
1594,1595.0,589.31,852.0
1595,1596.0,587.55,667.0
1596,1597.0,577.71,-192.0
1597,1598.0,575.21,-188.0
1598,1599.0,576.68,1059.0
1599,1600.0,577.89,-48.0
1600,1601.0,570.66,12.0
1601,1602.0,569.49,733.0
1602,1603.0,570.88,987.0
1603,1604.0,568.02,692.0
1604,1605.0,565.44,25.0
1605,1606.0,559.44,606.0
1606,1607.0,558.27,865.0
1607,1608.0,551.11,-200.0
1608,1609.0,544.62,562.0
1609,1610.0,544.96,922.0
1610,1611.0,544.89,1097.0
1611,1612.0,543.84,349.0
1612,1613.0,534.57,251.0
1613,1614.0,530.22,263.0
1614,1615.0,533.3,1028.0
1615,1616.0,527.4,-6.0
1616,1617.0,524.29,74.0
1617,1618.0,532.04,1417.0
1618,1619.0,531.56,1153.0
1619,1620.0,538.51,781.0
1620,1621.0,536.2,973.0
1621,1622.0,542.34,1182.0
1622,1623.0,538.91,608.0
1623,1624.0,540.69,773.0
1624,1625.0,537.75,776.0
1625,1626.0,531.22,-1308.0
1626,1627.0,537.4,774.0
1627,1628.0,545.48,1099.0
1628,1629.0,542.16,418.0
1629,1630.0,555.88,1126.0
1630,1631.0,547.51,-313.0
1631,1632.0,548.56,981.0
1632,1633.0,553.64,609.0
1633,1634.0,544.46,303.0
1634,1635.0,544.23,996.0
1635,1636.0,554.05,926.0
1636,1637.0,561.03,476.0
1637,1638.0,553.91,-420.0
1638,1639.0,554.5,318.0
1639,1640.0,558.81,654.0
1640,1641.0,563.36,1040.0
1641,1642.0,564.66,1097.0
1642,1643.0,563.84,914.0
1643,1644.0,566.61,1202.0
1644,1645.0,564.82,940.0
1645,1646.0,558.94,312.0
1646,1647.0,558.66,1135.0
1647,1648.0,556.05,885.0
1648,1649.0,561.8,1048.0
1649,1650.0,567.77,500.0
1650,1651.0,595.23,601.0
1651,1652.0,589.17,86.0
1652,1653.0,592.1,1086.0
1653,1654.0,602.58,835.0
1654,1655.0,596.4,413.0
1655,1656.0,606.74,995.0
1656,1657.0,613.78,1339.0
1657,1658.0,621.76,1080.0
1658,1659.0,623.19,760.0
1659,1660.0,612.87,-26.0
1660,1661.0,615.18,1133.0
1661,1662.0,622.11,1076.0
1662,1663.0,618.82,204.0
1663,1664.0,625.75,1113.0
1664,1665.0,621.86,707.0
1665,1666.0,612.97,-232.0
1666,1667.0,600.73,-6.0
1667,1668.0,586.17,-257.0
1668,1669.0,591.01,1054.0
1669,1670.0,592.23,1121.0
1670,1671.0,596.69,749.0
1671,1672.0,594.09,-352.0
1672,1673.0,603.95,902.0
1673,1674.0,607.25,1277.0
1674,1675.0,594.41,-299.0
1675,1676.0,595.61,1078.0
1676,1677.0,596.37,330.0
1677,1678.0,593.11,-562.0
1678,1679.0,595.54,1238.0
1679,1680.0,603.45,497.0
1680,1681.0,606.43,551.0
1681,1682.0,595.08,-709.0
1682,1683.0,581.29,-585.0
1683,1684.0,578.2,869.0
1684,1685.0,577.74,454.0
1685,1686.0,576.85,1051.0
1686,1687.0,579.9,1035.0
1687,1688.0,580.48,885.0
1688,1689.0,581.48,266.0
1689,1690.0,585.54,83.0
1690,1691.0,581.92,844.0
1691,1692.0,590.26,1003.0
1692,1693.0,591.67,693.0
1693,1694.0,579.35,-44.0
1694,1695.0,583.22,1239.0
1695,1696.0,582.9,635.0
1696,1697.0,596.76,1203.0
1697,1698.0,598.93,38.0
1698,1699.0,592.34,400.0
1699,1700.0,601.27,854.0
1700,1701.0,607.06,591.0
1701,1702.0,596.96,-277.0
1702,1703.0,598.13,1106.0
1703,1704.0,599.81,860.0
1704,1705.0,605.11,553.0
1705,1706.0,593.5,-581.0
1706,1707.0,592.9,814.0
1707,1708.0,595.12,22.0
1708,1709.0,598.54,893.0
1709,1710.0,601.58,1218.0
1710,1711.0,600.53,998.0
1711,1712.0,593.69,-335.0
1712,1713.0,593.15,200.0
1713,1714.0,600.42,985.0
1714,1715.0,593.01,289.0
1715,1716.0,597.86,486.0
1716,1717.0,603.84,671.0
1717,1718.0,600.9,1114.0
1718,1719.0,591.27,181.0
1719,1720.0,587.22,377.0
1720,1721.0,584.19,661.0
1721,1722.0,580.24,778.0
1722,1723.0,570.03,-410.0
1723,1724.0,573.21,1108.0
1724,1725.0,566.11,76.0
1725,1726.0,588.23,917.0
1726,1727.0,591.23,1076.0
1727,1728.0,583.01,278.0
1728,1729.0,577.18,-165.0
1729,1730.0,572.43,648.0
1730,1731.0,580.22,460.0
1731,1732.0,564.52,-601.0
1732,1733.0,567.97,954.0
1733,1734.0,565.02,20.0
1734,1735.0,563.41,826.0
1735,1736.0,566.3,1218.0
1736,1737.0,559.3,-218.0
1737,1738.0,574.17,1076.0
1738,1739.0,581.85,1086.0
1739,1740.0,585.72,1048.0
1740,1741.0,583.63,821.0
1741,1742.0,578.54,580.0
1742,1743.0,580.71,1148.0
1743,1744.0,576.91,822.0
1744,1745.0,578.28,1068.0
1745,1746.0,581.77,644.0
1746,1747.0,574.51,399.0
1747,1748.0,565.13,-53.0
1748,1749.0,558.8,415.0
1749,1750.0,555.02,107.0
1750,1751.0,554.39,538.0
1751,1752.0,552.04,-155.0
1752,1753.0,546.88,588.0
1753,1754.0,541.25,241.0
1754,1755.0,548.94,1180.0
1755,1756.0,551.28,1233.0
1756,1757.0,548.31,1025.0
1757,1758.0,537.64,5.0
1758,1759.0,529.04,-107.0
1759,1760.0,538.56,926.0
1760,1761.0,532.1,477.0
1761,1762.0,528.14,671.0
1762,1763.0,534.69,873.0
1763,1764.0,533.04,956.0
1764,1765.0,532.14,619.0
1765,1766.0,538.55,409.0
1766,1767.0,545.77,716.0
1767,1768.0,549.12,78.0
1768,1769.0,548.95,1028.0
1769,1770.0,549.6,1187.0
1770,1771.0,547.89,580.0
1771,1772.0,561.4,998.0
1772,1773.0,551.28,-139.0
1773,1774.0,542.41,396.0
1774,1775.0,550.49,518.0
1775,1776.0,537.5,-212.0
1776,1777.0,533.85,-51.0
1777,1778.0,551.31,1190.0
1778,1779.0,542.62,367.0
1779,1780.0,529.3,-831.0
1780,1781.0,535.13,1134.0
1781,1782.0,550.24,804.0
1782,1783.0,562.54,649.0
1783,1784.0,559.56,589.0
1784,1785.0,563.07,786.0
1785,1786.0,555.71,315.0
1786,1787.0,556.6,1115.0
1787,1788.0,556.08,831.0
1788,1789.0,564.87,1146.0
1789,1790.0,563.45,-64.0
1790,1791.0,550.53,-448.0
1791,1792.0,547.7,721.0
1792,1793.0,540.59,-30.0
1793,1794.0,546.8,575.0
1794,1795.0,545.92,1161.0
1795,1796.0,546.39,680.0
1796,1797.0,546.38,1201.0
1797,1798.0,557.98,1198.0
1798,1799.0,561.66,767.0
1799,1800.0,551.15,-198.0
1800,1801.0,553.71,845.0
1801,1802.0,559.57,309.0
1802,1803.0,552.99,448.0
1803,1804.0,555.41,1112.0
1804,1805.0,559.36,966.0
1805,1806.0,571.74,665.0
1806,1807.0,573.46,976.0
1807,1808.0,572.37,-87.0
1808,1809.0,570.65,738.0
1809,1810.0,559.73,125.0
1810,1811.0,557.1,748.0
1811,1812.0,560.98,61.0
1812,1813.0,558.74,-14.0
1813,1814.0,559.93,1122.0
1814,1815.0,558.7,166.0
1815,1816.0,565.29,1138.0
1816,1817.0,570.44,1186.0
1817,1818.0,569.67,1055.0
1818,1819.0,574.85,706.0
1819,1820.0,567.8,-329.0
1820,1821.0,567.03,583.0
1821,1822.0,567.83,857.0
1822,1823.0,571.46,-33.0
1823,1824.0,555.98,-457.0
1824,1825.0,560.96,592.0
1825,1826.0,562.99,1112.0
1826,1827.0,563.94,1170.0
1827,1828.0,558.51,-262.0
1828,1829.0,568.91,875.0
1829,1830.0,568.68,634.0
1830,1831.0,571.14,706.0
1831,1832.0,582.6,550.0
1832,1833.0,571.48,-157.0
1833,1834.0,580.6,932.0
1834,1835.0,584.13,1169.0
1835,1836.0,574.74,280.0
1836,1837.0,577.86,88.0
1837,1838.0,570.12,293.0
1838,1839.0,548.38,-1099.0
1839,1840.0,548.03,1015.0
1840,1841.0,551.53,1183.0
1841,1842.0,541.58,-405.0
1842,1843.0,533.74,345.0
1843,1844.0,535.31,978.0
1844,1845.0,535.92,1140.0
1845,1846.0,541.52,1212.0
1846,1847.0,544.39,685.0
1847,1848.0,550.25,551.0
1848,1849.0,552.87,671.0
1849,1850.0,557.68,597.0
1850,1851.0,554.89,258.0
1851,1852.0,563.12,683.0
1852,1853.0,559.95,257.0
1853,1854.0,559.98,266.0
1854,1855.0,559.16,1108.0
1855,1856.0,549.7,276.0
1856,1857.0,541.56,207.0
1857,1858.0,540.75,-81.0
1858,1859.0,546.7,498.0
1859,1860.0,540.32,297.0
1860,1861.0,547.64,1209.0
1861,1862.0,537.85,-297.0
1862,1863.0,540.31,1109.0
1863,1864.0,529.22,-161.0
1864,1865.0,520.66,-228.0
1865,1866.0,518.65,225.0
1866,1867.0,522.96,1155.0
1867,1868.0,531.66,945.0
1868,1869.0,531.47,1027.0
1869,1870.0,532.26,1265.0
1870,1871.0,537.84,1147.0
1871,1872.0,532.54,460.0
1872,1873.0,540.54,665.0
1873,1874.0,548.31,1167.0
1874,1875.0,538.4,-484.0
1875,1876.0,549.7,927.0
1876,1877.0,561.87,1166.0
1877,1878.0,552.32,236.0
1878,1879.0,548.15,-48.0
1879,1880.0,565.37,892.0
1880,1881.0,561.94,800.0
1881,1882.0,564.12,1031.0
1882,1883.0,557.32,-31.0
1883,1884.0,548.54,-298.0
1884,1885.0,549.09,843.0
1885,1886.0,557.91,1198.0
1886,1887.0,557.28,1063.0
1887,1888.0,556.66,777.0
1888,1889.0,550.61,547.0
1889,1890.0,560.59,943.0
1890,1891.0,577.4,1233.0
1891,1892.0,576.86,667.0
1892,1893.0,580.9,401.0
1893,1894.0,574.0,-113.0
1894,1895.0,572.27,976.0
1895,1896.0,570.4,502.0
1896,1897.0,569.04,1057.0
1897,1898.0,563.0,592.0
1898,1899.0,565.88,1054.0
1899,1900.0,569.9,196.0
1900,1901.0,573.5,1216.0
1901,1902.0,573.22,299.0
1902,1903.0,575.09,662.0
1903,1904.0,576.04,1198.0
1904,1905.0,569.91,336.0
1905,1906.0,563.15,-4.0
1906,1907.0,564.2,1082.0
1907,1908.0,572.09,702.0
1908,1909.0,575.15,1038.0
1909,1910.0,581.82,808.0
1910,1911.0,579.81,529.0
1911,1912.0,583.77,440.0
1912,1913.0,595.67,1175.0
1913,1914.0,591.36,682.0
1914,1915.0,595.46,576.0
1915,1916.0,595.43,1136.0
1916,1917.0,587.48,391.0
1917,1918.0,578.34,123.0
1918,1919.0,582.62,1145.0
1919,1920.0,588.93,299.0
1920,1921.0,593.13,1014.0
1921,1922.0,593.0,843.0
1922,1923.0,594.45,98.0
1923,1924.0,600.01,99.0
1924,1925.0,605.55,1127.0
1925,1926.0,601.98,755.0
1926,1927.0,596.47,628.0
1927,1928.0,608.39,927.0
1928,1929.0,606.72,707.0
1929,1930.0,612.76,1224.0
1930,1931.0,614.32,862.0
1931,1932.0,618.65,991.0
1932,1933.0,631.99,1177.0
1933,1934.0,634.48,1172.0
1934,1935.0,634.61,1192.0
1935,1936.0,640.95,922.0
1936,1937.0,638.81,-123.0
1937,1938.0,640.59,471.0
1938,1939.0,648.94,-257.0
1939,1940.0,635.97,-291.0
1940,1941.0,633.03,887.0
1941,1942.0,644.72,763.0
1942,1943.0,652.23,1090.0
1943,1944.0,651.19,875.0
1944,1945.0,644.19,431.0
1945,1946.0,640.55,859.0
1946,1947.0,632.05,-163.0
1947,1948.0,631.82,517.0
1948,1949.0,636.62,1157.0
1949,1950.0,642.54,1180.0
1950,1951.0,636.51,-342.0
1951,1952.0,636.91,714.0
1952,1953.0,634.63,34.0
1953,1954.0,643.42,1126.0
1954,1955.0,641.03,869.0
1955,1956.0,649.55,1127.0
1956,1957.0,656.85,930.0
1957,1958.0,668.37,1076.0
1958,1959.0,672.71,929.0
1959,1960.0,681.66,1183.0
1960,1961.0,672.83,324.0
1961,1962.0,682.87,706.0
1962,1963.0,679.37,760.0
1963,1964.0,689.1,810.0
1964,1965.0,693.78,247.0
1965,1966.0,701.02,932.0
1966,1967.0,695.4,601.0
1967,1968.0,684.78,-115.0
1968,1969.0,686.55,1204.0
1969,1970.0,676.07,217.0
1970,1971.0,674.9,1021.0
1971,1972.0,668.4,-181.0
1972,1973.0,673.78,1203.0
1973,1974.0,670.44,833.0
1974,1975.0,686.69,1152.0
1975,1976.0,693.22,1571.0
1976,1977.0,692.99,1134.0
1977,1978.0,701.48,1094.0
1978,1979.0,701.3,-66.0
1979,1980.0,702.95,1054.0
1980,1981.0,700.34,528.0
1981,1982.0,689.81,-21.0
1982,1983.0,694.6,447.0
1983,1984.0,709.65,1216.0
1984,1985.0,713.15,1192.0
1985,1986.0,705.06,376.0
1986,1987.0,691.02,-341.0
1987,1988.0,685.37,206.0
1988,1989.0,685.23,534.0
1989,1990.0,681.94,603.0
1990,1991.0,674.68,507.0
1991,1992.0,678.99,1106.0
1992,1993.0,680.86,571.0
1993,1994.0,686.0,398.0
1994,1995.0,685.73,950.0
1995,1996.0,690.96,1018.0
1996,1997.0,691.21,1081.0
1997,1998.0,694.94,966.0
1998,1999.0,686.53,215.0
1999,2000.0,681.98,-259.0
